Pos,Player,Conf,Tm,Age,Yrs,Pro_Bowl_Year
QB,Tom Brady%,AFC,NWE,39,16,2016
QB,Matt Ryan%,NFC,ATL,31,8,2016
QB,Drew Brees,NFC,NOR,37,15,2016
QB,Philip Rivers,AFC,SDG,35,12,2016
QB,Aaron Rodgers%,NFC,GNB,33,11,2016
QB,Ben Roethlisberger%,AFC,PIT,34,12,2016
QB,Alex Smith,AFC,KAN,32,11,2016
QB,Andy Dalton,AFC,CIN,29,5,2016
QB,Kirk Cousins,NFC,WAS,28,4,2016
QB,Derek Carr%,AFC,OAK,25,2,2016
QB,Dak Prescott,NFC,DAL,23,Rook,2016
QB,Cam Newton%,Rice,CAR,26,4,2015
QB,Carson Palmer%,Rice,ARI,36,11,2015
QB,Tom Brady%,Rice,NWE,38,15,2015
QB,Eli Manning+,Rice,NYG,34,11,2015
QB,Aaron Rodgers%,Rice,GNB,32,10,2015
QB,Ben Roethlisberger%,Rice,PIT,33,11,2015
QB,Tyrod Taylor+,Rice,BUF,26,4,2015
QB,Russell Wilson,Irvin,SEA,27,3,2015
QB,Teddy Bridgewater+,Irvin,MIN,23,1,2015
QB,Derek Carr,Rice,OAK,24,1,2015
QB,Jameis Winston+,Irvin,TAM,21,Rook,2015
QB,Ben Roethlisberger%,,PIT,32,10,2014
QB,Tony Romo,Irvin,DAL,34,10,2014
QB,Tom Brady%,,NWE,37,14,2014
QB,Drew Brees+,Carter,NOR,35,13,2014
QB,Peyton Manning%,,DEN,38,16,2014
QB,Matt Ryan+,Irvin,ATL,29,6,2014
QB,Matthew Stafford+,Irvin,DET,26,5,2014
QB,Andy Dalton+,Carter,CIN,27,3,2014
QB,Andrew Luck,,,,,2014
QB,Peyton Manning%,,DEN,37,15,2013
QB,Philip Rivers,Rice,SDG,32,9,2013
QB,Tom Brady%,,NWE,36,13,2013
QB,Drew Brees,Rice,NOR,34,12,2013
QB,Alex Smith+,Rice,KAN,29,8,2013
QB,Cam Newton,Sanders,CAR,24,2,2013
QB,Andrew Luck+,Sanders,IND,24,1,2013
QB,Russell Wilson%,,SEA,25,1,2013
QB,Nick Foles+,Sanders,PHI,24,1,2013
QB,Peyton Manning,AFC,DEN,36,14,2012
QB,Aaron Rodgers%,NFC,GNB,29,7,2012
QB,Tom Brady%,AFC,NWE,35,12,2012
QB,Drew Brees+,NFC,NOR,33,11,2012
QB,Eli Manning+,NFC,NYG,31,8,2012
QB,Matt Ryan%,NFC,ATL,27,4,2012
QB,Matt Schaub,AFC,HOU,31,8,2012
QB,Robert Griffin%,NFC,WAS,22,Rook,2012
QB,Andrew Luck+,AFC,IND,23,Rook,2012
QB,Russell Wilson+,NFC,SEA,24,Rook,2012
QB,Aaron Rodgers,NFC,GNB,28,6,2011
QB,Drew Brees,NFC,NOR,32,10,2011
QB,Tom Brady,AFC,NWE,34,11,2011
QB,Eli Manning,NFC,NYG,30,7,2011
QB,Philip Rivers,AFC,SDG,30,7,2011
QB,Ben Roethlisberger,AFC,PIT,29,7,2011
QB,Cam Newton+,NFC,CAR,22,Rook,2011
QB,Andy Dalton+,AFC,CIN,24,Rook,2011
QB,Tom Brady,AFC,NWE,33,10,2010
QB,Matt Ryan,NFC,ATL,25,2,2010
QB,Drew Brees,NFC,NOR,31,9,2010
QB,Matt Cassel+,AFC,KAN,28,5,2010
QB,Peyton Manning,AFC,IND,34,12,2010
QB,Philip Rivers,AFC,SDG,29,6,2010
QB,Michael Vick,NFC,PHI,30,9,2010
QB,Peyton Manning,AFC,IND,33,11,2009
QB,Drew Brees,NFC,NOR,30,8,2009
QB,Philip Rivers,AFC,SDG,28,5,2009
QB,Tom Brady,AFC,NWE,32,9,2009
QB,Brett Favre,NFC,MIN,40,18,2009
QB,David Garrard+,AFC,JAX,31,7,2009
QB,Donovan McNabb+,NFC,PHI,33,10,2009
QB,Aaron Rodgers,NFC,GNB,26,4,2009
QB,Tony Romo+,NFC,DAL,29,5,2009
QB,Matt Schaub+,AFC,HOU,28,5,2009
QB,Vince Young+,AFC,TEN,26,3,2009
QB,Kurt Warner,NFC,ARI,37,10,2008
QB,Eli Manning,NFC,NYG,27,4,2008
QB,Brett Favre,AFC,NYJ,39,17,2008
QB,Jay Cutler,AFC,DEN,25,2,2008
QB,Kerry Collins,AFC,TEN,36,13,2008
QB,Drew Brees,NFC,NOR,29,7,2008
QB,Peyton Manning,AFC,IND,32,10,2008
QB,Tony Romo,NFC,DAL,27,3,2007
QB,Ben Roethlisberger,AFC,PIT,25,3,2007
QB,Peyton Manning,AFC,IND,31,9,2007
QB,Matt Hasselbeck,NFC,SEA,32,8,2007
QB,Jeff Garcia,NFC,TAM,37,8,2007
QB,Derek Anderson,AFC,CLE,24,1,2007
QB,Brett Favre,NFC,GNB,38,16,2007
QB,Tom Brady,AFC,NWE,30,7,2007
QB,Vince Young,AFC,TEN,23,Rook,2006
QB,Tony Romo,NFC,DAL,26,2,2006
QB,Philip Rivers,AFC,SDG,25,2,2006
QB,Carson Palmer,AFC,CIN,27,2,2006
QB,Marc Bulger,NFC,STL,29,4,2006
QB,Peyton Manning,AFC,IND,30,8,2006
QB,Drew Brees,NFC,NOR,27,5,2006
QB,Michael Vick,NFC,ATL,25,4,2005
QB,Jake Plummer,AFC,DEN,31,8,2005
QB,Carson Palmer,AFC,CIN,26,1,2005
QB,Steve McNair,AFC,TEN,32,10,2005
QB,Trent Green,AFC,KAN,35,8,2005
QB,Jake Delhomme,NFC,CAR,30,6,2005
QB,Tom Brady,AFC,NWE,28,5,2005
QB,Matt Hasselbeck,NFC,SEA,30,6,2005
QB,Peyton Manning,AFC,IND,29,7,2005
QB,Michael Vick,NFC,ATL,24,3,2004
QB,Donovan McNabb,NFC,PHI,28,5,2004
QB,Drew Brees,AFC,SDG,25,3,2004
QB,Tom Brady,AFC,NWE,27,4,2004
QB,Daunte Culpepper,NFC,MIN,27,5,2004
QB,Peyton Manning,AFC,IND,28,6,2004
QB,Peyton Manning,AFC,IND,27,5,2003
QB,Brett Favre,NFC,GNB,34,12,2003
QB,Steve McNair,AFC,TEN,30,8,2003
QB,Marc Bulger,NFC,STL,26,1,2003
QB,Daunte Culpepper,NFC,MIN,26,4,2003
QB,Trent Green,AFC,KAN,33,6,2003
QB,Matt Hasselbeck,NFC,SEA,28,4,2003
QB,Donovan McNabb,NFC,PHI,27,4,2003
QB,Michael Vick,NFC,ATL,22,1,2002
QB,Donovan McNabb,NFC,PHI,26,3,2002
QB,Peyton Manning,AFC,IND,26,4,2002
QB,Brad Johnson,NFC,TAM,34,8,2002
QB,Jeff Garcia,NFC,SFO,32,3,2002
QB,Drew Bledsoe,AFC,BUF,30,9,2002
QB,Brett Favre,NFC,GNB,33,11,2002
QB,Rich Gannon,AFC,OAK,37,15,2002
QB,Kordell Stewart,AFC,PIT,29,6,2001
QB,Donovan McNabb,NFC,PHI,25,2,2001
QB,Jeff Garcia,NFC,SFO,31,2,2001
QB,Tom Brady,AFC,NWE,24,1,2001
QB,Brett Favre,NFC,GNB,32,10,2001
QB,Rich Gannon,AFC,OAK,36,14,2001
QB,Kurt Warner,NFC,STL,30,3,2001
QB,Kurt Warner,NFC,STL,29,2,2000
QB,Steve McNair,AFC,TEN,27,5,2000
QB,Donovan McNabb,NFC,PHI,24,1,2000
QB,Brian Griese,AFC,DEN,25,2,2000
QB,Elvis Grbac,AFC,KAN,30,6,2000
QB,Jeff Garcia,NFC,SFO,30,1,2000
QB,Peyton Manning,AFC,IND,24,2,2000
QB,Daunte Culpepper,NFC,MIN,23,1,2000
QB,Rich Gannon,AFC,OAK,35,13,2000