"","Pos","Player","Conf","Tm","Age","Yrs","Pro_Bowl_Year"
"1","QB","Tom Brady","AFC","NWE",39,9,2016
"2","QB","Matt Ryan","NFC","ATL",31,18,2016
"3","QB","Drew Brees","NFC","NOR",37,8,2016
"4","QB","Philip Rivers","AFC","SDG",35,5,2016
"5","QB","Aaron Rodgers","NFC","GNB",33,4,2016
"6","QB","Ben Roethlisberger","AFC","PIT",34,5,2016
"7","QB","Alex Smith","AFC","KAN",32,4,2016
"8","QB","Andy Dalton","AFC","CIN",29,15,2016
"9","QB","Kirk Cousins","NFC","WAS",28,14,2016
"10","QB","Derek Carr","AFC","OAK",25,12,2016
"11","QB","Dak Prescott","NFC","DAL",23,20,2016
"12","QB","Cam Newton","Rice","CAR",26,14,2015
"13","QB","Carson Palmer","Rice","ARI",36,4,2015
"14","QB","Tom Brady","Rice","NWE",38,8,2015
"15","QB","Eli Manning","Rice","NYG",34,4,2015
"16","QB","Aaron Rodgers","Rice","GNB",32,3,2015
"17","QB","Ben Roethlisberger","Rice","PIT",33,4,2015
"18","QB","Tyrod Taylor","Rice","BUF",26,14,2015
"19","QB","Russell Wilson","Irvin","SEA",27,13,2015
"20","QB","Teddy Bridgewater","Irvin","MIN",23,2,2015
"21","QB","Derek Carr","Rice","OAK",24,2,2015
"22","QB","Jameis Winston","Irvin","TAM",21,20,2015
"23","QB","Ben Roethlisberger","","PIT",32,3,2014
"24","QB","Tony Romo","Irvin","DAL",34,3,2014
"25","QB","Tom Brady","","NWE",37,7,2014
"26","QB","Drew Brees","Carter","NOR",35,6,2014
"27","QB","Peyton Manning","","DEN",38,9,2014
"28","QB","Matt Ryan","Irvin","ATL",29,16,2014
"29","QB","Matthew Stafford","Irvin","DET",26,15,2014
"30","QB","Andy Dalton","Carter","CIN",27,13,2014
"31","QB","Andrew Luck","","",NA,1,2014
"32","QB","Peyton Manning","","DEN",37,8,2013
"33","QB","Philip Rivers","Rice","SDG",32,19,2013
"34","QB","Tom Brady","","NWE",36,6,2013
"35","QB","Drew Brees","Rice","NOR",34,5,2013
"36","QB","Alex Smith","Rice","KAN",29,18,2013
"37","QB","Cam Newton","Sanders","CAR",24,12,2013
"38","QB","Andrew Luck","Sanders","IND",24,2,2013
"39","QB","Russell Wilson","","SEA",25,2,2013
"40","QB","Nick Foles","Sanders","PHI",24,2,2013
"41","QB","Peyton Manning","AFC","DEN",36,7,2012
"42","QB","Aaron Rodgers","NFC","GNB",29,17,2012
"43","QB","Tom Brady","AFC","NWE",35,5,2012
"44","QB","Drew Brees","NFC","NOR",33,4,2012
"45","QB","Eli Manning","NFC","NYG",31,18,2012
"46","QB","Matt Ryan","NFC","ATL",27,14,2012
"47","QB","Matt Schaub","AFC","HOU",31,18,2012
"48","QB","Robert Griffin","NFC","WAS",22,20,2012
"49","QB","Andrew Luck","AFC","IND",23,20,2012
"50","QB","Russell Wilson","NFC","SEA",24,20,2012
"51","QB","Aaron Rodgers","NFC","GNB",28,16,2011
"52","QB","Drew Brees","NFC","NOR",32,3,2011
"53","QB","Tom Brady","AFC","NWE",34,4,2011
"54","QB","Eli Manning","NFC","NYG",30,17,2011
"55","QB","Philip Rivers","AFC","SDG",30,17,2011
"56","QB","Ben Roethlisberger","AFC","PIT",29,17,2011
"57","QB","Cam Newton","NFC","CAR",22,20,2011
"58","QB","Andy Dalton","AFC","CIN",24,20,2011
"59","QB","Tom Brady","AFC","NWE",33,3,2010
"60","QB","Matt Ryan","NFC","ATL",25,12,2010
"61","QB","Drew Brees","NFC","NOR",31,19,2010
"62","QB","Matt Cassel","AFC","KAN",28,15,2010
"63","QB","Peyton Manning","AFC","IND",34,5,2010
"64","QB","Philip Rivers","AFC","SDG",29,16,2010
"65","QB","Michael Vick","NFC","PHI",30,19,2010
"66","QB","Peyton Manning","AFC","IND",33,4,2009
"67","QB","Drew Brees","NFC","NOR",30,18,2009
"68","QB","Philip Rivers","AFC","SDG",28,15,2009
"69","QB","Tom Brady","AFC","NWE",32,19,2009
"70","QB","Brett Favre","NFC","MIN",40,11,2009
"71","QB","David Garrard","AFC","JAX",31,17,2009
"72","QB","Donovan McNabb","NFC","PHI",33,3,2009
"73","QB","Aaron Rodgers","NFC","GNB",26,14,2009
"74","QB","Tony Romo","NFC","DAL",29,15,2009
"75","QB","Matt Schaub","AFC","HOU",28,15,2009
"76","QB","Vince Young","AFC","TEN",26,13,2009
"77","QB","Kurt Warner","NFC","ARI",37,3,2008
"78","QB","Eli Manning","NFC","NYG",27,14,2008
"79","QB","Brett Favre","AFC","NYJ",39,10,2008
"80","QB","Jay Cutler","AFC","DEN",25,12,2008
"81","QB","Kerry Collins","AFC","TEN",36,6,2008
"82","QB","Drew Brees","NFC","NOR",29,17,2008
"83","QB","Peyton Manning","AFC","IND",32,3,2008
"84","QB","Tony Romo","NFC","DAL",27,13,2007
"85","QB","Ben Roethlisberger","AFC","PIT",25,13,2007
"86","QB","Peyton Manning","AFC","IND",31,19,2007
"87","QB","Matt Hasselbeck","NFC","SEA",32,18,2007
"88","QB","Jeff Garcia","NFC","TAM",37,18,2007
"89","QB","Derek Anderson","AFC","CLE",24,2,2007
"90","QB","Brett Favre","NFC","GNB",38,9,2007
"91","QB","Tom Brady","AFC","NWE",30,17,2007
"92","QB","Vince Young","AFC","TEN",23,20,2006
"93","QB","Tony Romo","NFC","DAL",26,12,2006
"94","QB","Philip Rivers","AFC","SDG",25,12,2006
"95","QB","Carson Palmer","AFC","CIN",27,12,2006
"96","QB","Marc Bulger","NFC","STL",29,14,2006
"97","QB","Peyton Manning","AFC","IND",30,18,2006
"98","QB","Drew Brees","NFC","NOR",27,15,2006
"99","QB","Michael Vick","NFC","ATL",25,14,2005
"100","QB","Jake Plummer","AFC","DEN",31,18,2005
"101","QB","Carson Palmer","AFC","CIN",26,2,2005
"102","QB","Steve McNair","AFC","TEN",32,3,2005
"103","QB","Trent Green","AFC","KAN",35,18,2005
"104","QB","Jake Delhomme","NFC","CAR",30,16,2005
"105","QB","Tom Brady","AFC","NWE",28,15,2005
"106","QB","Matt Hasselbeck","NFC","SEA",30,16,2005
"107","QB","Peyton Manning","AFC","IND",29,17,2005
"108","QB","Michael Vick","NFC","ATL",24,13,2004
"109","QB","Donovan McNabb","NFC","PHI",28,15,2004
"110","QB","Drew Brees","AFC","SDG",25,13,2004
"111","QB","Tom Brady","AFC","NWE",27,14,2004
"112","QB","Daunte Culpepper","NFC","MIN",27,15,2004
"113","QB","Peyton Manning","AFC","IND",28,16,2004
"114","QB","Peyton Manning","AFC","IND",27,15,2003
"115","QB","Brett Favre","NFC","GNB",34,5,2003
"116","QB","Steve McNair","AFC","TEN",30,18,2003
"117","QB","Marc Bulger","NFC","STL",26,2,2003
"118","QB","Daunte Culpepper","NFC","MIN",26,14,2003
"119","QB","Trent Green","AFC","KAN",33,16,2003
"120","QB","Matt Hasselbeck","NFC","SEA",28,14,2003
"121","QB","Donovan McNabb","NFC","PHI",27,14,2003
"122","QB","Michael Vick","NFC","ATL",22,2,2002
"123","QB","Donovan McNabb","NFC","PHI",26,13,2002
"124","QB","Peyton Manning","AFC","IND",26,14,2002
"125","QB","Brad Johnson","NFC","TAM",34,18,2002
"126","QB","Jeff Garcia","NFC","SFO",32,13,2002
"127","QB","Drew Bledsoe","AFC","BUF",30,19,2002
"128","QB","Brett Favre","NFC","GNB",33,4,2002
"129","QB","Rich Gannon","AFC","OAK",37,8,2002
"130","QB","Kordell Stewart","AFC","PIT",29,16,2001
"131","QB","Donovan McNabb","NFC","PHI",25,12,2001
"132","QB","Jeff Garcia","NFC","SFO",31,12,2001
"133","QB","Tom Brady","AFC","NWE",24,2,2001
"134","QB","Brett Favre","NFC","GNB",32,3,2001
"135","QB","Rich Gannon","AFC","OAK",36,7,2001
"136","QB","Kurt Warner","NFC","STL",30,13,2001
"137","QB","Kurt Warner","NFC","STL",29,12,2000
"138","QB","Steve McNair","AFC","TEN",27,15,2000
"139","QB","Donovan McNabb","NFC","PHI",24,2,2000
"140","QB","Brian Griese","AFC","DEN",25,12,2000
"141","QB","Elvis Grbac","AFC","KAN",30,16,2000
"142","QB","Jeff Garcia","NFC","SFO",30,2,2000
"143","QB","Peyton Manning","AFC","IND",24,12,2000
"144","QB","Daunte Culpepper","NFC","MIN",23,2,2000
"145","QB","Rich Gannon","AFC","OAK",35,6,2000
